merchant_reference,date,time_from,time_to,note_glossary_key
MER000008,2024-01-01,,,merchant_weekday_schedule.new_year
MER000008,2024-03-29,,,merchant_weekday_schedule.good_friday
MER000008,2024-04-01,,,merchant_weekday_schedule.easter_monday
MER000008,2024-05-01,,,merchant_weekday_schedule.may_day
MER000008,2024-05-09,,,merchant_weekday_schedule.ascension_of_christ
MER000008,2024-05-20,,,merchant_weekday_schedule.whit_monday
MER000008,2024-05-30,,,merchant_weekday_schedule.corpus_christi
MER000008,2024-10-03,,,merchant_weekday_schedule.day_of_german_unity
MER000008,2024-11-01,,,merchant_weekday_schedule.all_saints_day
MER000008,2024-12-25,,,merchant_weekday_schedule.1st_christmas_day
MER000008,2024-12-26,,,merchant_weekday_schedule.2nd_christmas_day
MER000008,2025-01-01,,,merchant_weekday_schedule.new_year
MER000008,2025-04-18,,,merchant_weekday_schedule.good_friday
MER000008,2025-04-21,,,merchant_weekday_schedule.easter_monday
MER000008,2025-05-01,,,merchant_weekday_schedule.may_day
MER000008,2025-05-29,,,merchant_weekday_schedule.ascension_of_christ
MER000008,2025-06-09,,,merchant_weekday_schedule.whit_monday
MER000008,2025-06-19,,,merchant_weekday_schedule.corpus_christi
MER000008,2025-10-03,,,merchant_weekday_schedule.day_of_german_unity
MER000008,2025-11-01,,,merchant_weekday_schedule.all_saints_day
MER000008,2025-12-25,,,merchant_weekday_schedule.1st_christmas_day
MER000008,2025-12-26,,,merchant_weekday_schedule.2nd_christmas_day
MER000008,2026-01-01,,,merchant_weekday_schedule.new_year
MER000008,2026-04-03,,,merchant_weekday_schedule.good_friday
MER000008,2026-04-06,,,merchant_weekday_schedule.easter_monday
MER000008,2026-05-01,,,merchant_weekday_schedule.may_day
MER000008,2026-05-14,,,merchant_weekday_schedule.ascension_of_christ
MER000008,2026-05-25,,,merchant_weekday_schedule.whit_monday
MER000008,2026-06-04,,,merchant_weekday_schedule.corpus_christi
MER000008,2026-10-03,,,merchant_weekday_schedule.day_of_german_unity
MER000008,2026-11-01,,,merchant_weekday_schedule.all_saints_day
MER000008,2026-12-25,,,merchant_weekday_schedule.1st_christmas_day
MER000008,2026-12-26,,,merchant_weekday_schedule.2nd_christmas_day
MER000008,2027-01-01,,,merchant_weekday_schedule.new_year
MER000008,2027-03-26,,,merchant_weekday_schedule.good_friday
MER000008,2027-03-29,,,merchant_weekday_schedule.easter_monday
MER000008,2027-05-01,,,merchant_weekday_schedule.may_day
MER000008,2027-05-06,,,merchant_weekday_schedule.ascension_of_christ
MER000008,2027-05-17,,,merchant_weekday_schedule.whit_monday
MER000008,2027-05-27,,,merchant_weekday_schedule.corpus_christi
MER000008,2027-10-03,,,merchant_weekday_schedule.day_of_german_unity
MER000008,2027-11-01,,,merchant_weekday_schedule.all_saints_day
MER000008,2027-12-25,,,merchant_weekday_schedule.1st_christmas_day
MER000008,2027-12-26,,,merchant_weekday_schedule.2nd_christmas_day
MER000008,2028-01-01,,,merchant_weekday_schedule.new_year
MER000008,2028-04-14,,,merchant_weekday_schedule.good_friday
MER000008,2028-04-17,,,merchant_weekday_schedule.easter_monday
MER000008,2028-05-01,,,merchant_weekday_schedule.may_day
MER000008,2028-05-25,,,merchant_weekday_schedule.ascension_of_christ
MER000008,2028-06-05,,,merchant_weekday_schedule.whit_monday
MER000008,2028-06-15,,,merchant_weekday_schedule.corpus_christi
MER000008,2028-10-03,,,merchant_weekday_schedule.day_of_german_unity
MER000008,2028-11-01,,,merchant_weekday_schedule.all_saints_day
MER000008,2028-12-25,,,merchant_weekday_schedule.1st_christmas_day
MER000008,2028-12-26,,,merchant_weekday_schedule.2nd_christmas_day
MER000008,2029-01-01,,,merchant_weekday_schedule.new_year
MER000008,2029-03-30,,,merchant_weekday_schedule.good_friday
MER000008,2029-04-02,,,merchant_weekday_schedule.easter_monday
MER000008,2029-05-01,,,merchant_weekday_schedule.may_day
MER000008,2029-05-10,,,merchant_weekday_schedule.ascension_of_christ
MER000008,2029-05-21,,,merchant_weekday_schedule.whit_monday
MER000008,2029-05-31,,,merchant_weekday_schedule.corpus_christi
MER000008,2029-10-03,,,merchant_weekday_schedule.day_of_german_unity
MER000008,2029-11-01,,,merchant_weekday_schedule.all_saints_day
MER000008,2029-12-25,,,merchant_weekday_schedule.1st_christmas_day
MER000008,2029-12-26,,,merchant_weekday_schedule.2nd_christmas_day
MER000008,2030-01-01,,,merchant_weekday_schedule.new_year
MER000008,2030-04-19,,,merchant_weekday_schedule.good_friday
MER000008,2030-04-22,,,merchant_weekday_schedule.easter_monday
MER000008,2030-05-01,,,merchant_weekday_schedule.may_day
MER000008,2030-05-30,,,merchant_weekday_schedule.ascension_of_christ
MER000008,2030-06-10,,,merchant_weekday_schedule.whit_monday
MER000008,2030-06-20,,,merchant_weekday_schedule.corpus_christi
MER000008,2030-10-03,,,merchant_weekday_schedule.day_of_german_unity
MER000008,2030-11-01,,,merchant_weekday_schedule.all_saints_day
MER000008,2030-12-25,,,merchant_weekday_schedule.1st_christmas_day
MER000008,2030-12-26,,,merchant_weekday_schedule.2nd_christmas_day
MER000008,2031-01-01,,,merchant_weekday_schedule.new_year
MER000008,2031-04-11,,,merchant_weekday_schedule.good_friday
MER000008,2031-04-14,,,merchant_weekday_schedule.easter_monday
MER000008,2031-05-01,,,merchant_weekday_schedule.may_day
MER000008,2031-05-22,,,merchant_weekday_schedule.ascension_of_christ
MER000008,2031-06-02,,,merchant_weekday_schedule.whit_monday
MER000008,2031-06-12,,,merchant_weekday_schedule.corpus_christi
MER000008,2031-10-03,,,merchant_weekday_schedule.day_of_german_unity
MER000008,2031-11-01,,,merchant_weekday_schedule.all_saints_day
MER000008,2031-12-25,,,merchant_weekday_schedule.1st_christmas_day
MER000008,2031-12-26,,,merchant_weekday_schedule.2nd_christmas_day
MER000008,2032-01-01,,,merchant_weekday_schedule.new_year
MER000008,2032-03-26,,,merchant_weekday_schedule.good_friday
MER000008,2032-03-29,,,merchant_weekday_schedule.easter_monday
MER000008,2032-05-01,,,merchant_weekday_schedule.may_day
MER000008,2032-05-06,,,merchant_weekday_schedule.ascension_of_christ
MER000008,2032-05-17,,,merchant_weekday_schedule.whit_monday
MER000008,2032-05-27,,,merchant_weekday_schedule.corpus_christi
MER000008,2032-10-03,,,merchant_weekday_schedule.day_of_german_unity
MER000008,2032-11-01,,,merchant_weekday_schedule.all_saints_day
MER000008,2032-12-25,,,merchant_weekday_schedule.1st_christmas_day
MER000008,2032-12-26,,,merchant_weekday_schedule.2nd_christmas_day
MER000008,2033-01-01,,,merchant_weekday_schedule.new_year
MER000008,2033-04-15,,,merchant_weekday_schedule.good_friday
MER000008,2033-04-18,,,merchant_weekday_schedule.easter_monday
MER000008,2033-05-01,,,merchant_weekday_schedule.may_day
MER000008,2033-05-26,,,merchant_weekday_schedule.ascension_of_christ
MER000008,2033-06-06,,,merchant_weekday_schedule.whit_monday
MER000008,2033-06-16,,,merchant_weekday_schedule.corpus_christi
MER000008,2033-10-03,,,merchant_weekday_schedule.day_of_german_unity
MER000008,2033-11-01,,,merchant_weekday_schedule.all_saints_day
MER000008,2033-12-25,,,merchant_weekday_schedule.1st_christmas_day
MER000008,2033-12-26,,,merchant_weekday_schedule.2nd_christmas_day
MER000008,2034-01-01,,,merchant_weekday_schedule.new_year
MER000008,2034-04-07,,,merchant_weekday_schedule.good_friday
MER000008,2034-04-10,,,merchant_weekday_schedule.easter_monday
MER000008,2034-05-01,,,merchant_weekday_schedule.may_day
MER000008,2034-05-18,,,merchant_weekday_schedule.ascension_of_christ
MER000008,2034-05-29,,,merchant_weekday_schedule.whit_monday
MER000008,2034-06-08,,,merchant_weekday_schedule.corpus_christi
MER000008,2034-10-03,,,merchant_weekday_schedule.day_of_german_unity
MER000008,2034-11-01,,,merchant_weekday_schedule.all_saints_day
MER000008,2034-12-25,,,merchant_weekday_schedule.1st_christmas_day
MER000008,2034-12-26,,,merchant_weekday_schedule.2nd_christmas_day
MER000008,2035-01-01,,,merchant_weekday_schedule.new_year
MER000008,2035-03-23,,,merchant_weekday_schedule.good_friday
MER000008,2035-03-26,,,merchant_weekday_schedule.easter_monday
MER000008,2035-05-01,,,merchant_weekday_schedule.may_day
MER000008,2035-05-03,,,merchant_weekday_schedule.ascension_of_christ
MER000008,2035-05-14,,,merchant_weekday_schedule.whit_monday
MER000008,2035-05-24,,,merchant_weekday_schedule.corpus_christi
MER000008,2035-10-03,,,merchant_weekday_schedule.day_of_german_unity
MER000008,2035-11-01,,,merchant_weekday_schedule.all_saints_day
MER000008,2035-12-25,,,merchant_weekday_schedule.1st_christmas_day
MER000008,2035-12-26,,,merchant_weekday_schedule.2nd_christmas_day
MER000008,2024-11-24,13:00:00,18:00:00,merchant_weekday_schedule.sunday_opening
MER000008,2025-11-30,13:00:00,18:00:00,merchant_weekday_schedule.sunday_opening
MER000008,2026-11-29,13:00:00,18:00:00,merchant_weekday_schedule.sunday_opening
MER000008,2027-11-28,13:00:00,18:00:00,merchant_weekday_schedule.sunday_opening
MER000008,2028-11-26,13:00:00,18:00:00,merchant_weekday_schedule.sunday_opening
MER000008,2029-11-25,13:00:00,18:00:00,merchant_weekday_schedule.sunday_opening
MER000008,2030-11-24,13:00:00,18:00:00,merchant_weekday_schedule.sunday_opening
MER000008,2031-11-30,13:00:00,18:00:00,merchant_weekday_schedule.sunday_opening
MER000008,2032-11-28,13:00:00,18:00:00,merchant_weekday_schedule.sunday_opening
MER000008,2033-11-27,13:00:00,18:00:00,merchant_weekday_schedule.sunday_opening
MER000008,2034-11-26,13:00:00,18:00:00,merchant_weekday_schedule.sunday_opening
MER000008,2024-12-31,10:00:00,17:00:00,
MER000008,2025-12-31,10:00:00,17:00:00,
MER000008,2026-12-31,10:00:00,17:00:00,
MER000008,2027-12-31,10:00:00,17:00:00,
MER000008,2028-12-31,10:00:00,17:00:00,
MER000008,2029-12-31,10:00:00,17:00:00,
MER000008,2030-12-31,10:00:00,17:00:00,
MER000008,2031-12-31,10:00:00,17:00:00,
MER000008,2032-12-31,10:00:00,17:00:00,
MER000008,2033-12-31,10:00:00,17:00:00,
MER000008,2034-12-31,10:00:00,17:00:00,
MER000009,2024-01-01,,,merchant_weekday_schedule.new_year
MER000009,2024-03-29,,,merchant_weekday_schedule.good_friday
MER000009,2024-04-01,,,merchant_weekday_schedule.easter_monday
MER000009,2024-05-01,,,merchant_weekday_schedule.may_day
MER000009,2024-05-09,,,merchant_weekday_schedule.ascension_of_christ
MER000009,2024-05-20,,,merchant_weekday_schedule.whit_monday
MER000009,2024-05-30,,,merchant_weekday_schedule.corpus_christi
MER000009,2024-10-03,,,merchant_weekday_schedule.day_of_german_unity
MER000009,2024-11-01,,,merchant_weekday_schedule.all_saints_day
MER000009,2024-12-25,,,merchant_weekday_schedule.1st_christmas_day
MER000009,2024-12-26,,,merchant_weekday_schedule.2nd_christmas_day
MER000009,2025-01-01,,,merchant_weekday_schedule.new_year
MER000009,2025-04-18,,,merchant_weekday_schedule.good_friday
MER000009,2025-04-21,,,merchant_weekday_schedule.easter_monday
MER000009,2025-05-01,,,merchant_weekday_schedule.may_day
MER000009,2025-05-29,,,merchant_weekday_schedule.ascension_of_christ
MER000009,2025-06-09,,,merchant_weekday_schedule.whit_monday
MER000009,2025-06-19,,,merchant_weekday_schedule.corpus_christi
MER000009,2025-10-03,,,merchant_weekday_schedule.day_of_german_unity
MER000009,2025-11-01,,,merchant_weekday_schedule.all_saints_day
MER000009,2025-12-25,,,merchant_weekday_schedule.1st_christmas_day
MER000009,2025-12-26,,,merchant_weekday_schedule.2nd_christmas_day
MER000009,2026-01-01,,,merchant_weekday_schedule.new_year
MER000009,2026-04-03,,,merchant_weekday_schedule.good_friday
MER000009,2026-04-06,,,merchant_weekday_schedule.easter_monday
MER000009,2026-05-01,,,merchant_weekday_schedule.may_day
MER000009,2026-05-14,,,merchant_weekday_schedule.ascension_of_christ
MER000009,2026-05-25,,,merchant_weekday_schedule.whit_monday
MER000009,2026-06-04,,,merchant_weekday_schedule.corpus_christi
MER000009,2026-10-03,,,merchant_weekday_schedule.day_of_german_unity
MER000009,2026-11-01,,,merchant_weekday_schedule.all_saints_day
MER000009,2026-12-25,,,merchant_weekday_schedule.1st_christmas_day
MER000009,2026-12-26,,,merchant_weekday_schedule.2nd_christmas_day
MER000009,2027-01-01,,,merchant_weekday_schedule.new_year
MER000009,2027-03-26,,,merchant_weekday_schedule.good_friday
MER000009,2027-03-29,,,merchant_weekday_schedule.easter_monday
MER000009,2027-05-01,,,merchant_weekday_schedule.may_day
MER000009,2027-05-06,,,merchant_weekday_schedule.ascension_of_christ
MER000009,2027-05-17,,,merchant_weekday_schedule.whit_monday
MER000009,2027-05-27,,,merchant_weekday_schedule.corpus_christi
MER000009,2027-10-03,,,merchant_weekday_schedule.day_of_german_unity
MER000009,2027-11-01,,,merchant_weekday_schedule.all_saints_day
MER000009,2027-12-25,,,merchant_weekday_schedule.1st_christmas_day
MER000009,2027-12-26,,,merchant_weekday_schedule.2nd_christmas_day
MER000009,2028-01-01,,,merchant_weekday_schedule.new_year
MER000009,2028-04-14,,,merchant_weekday_schedule.good_friday
MER000009,2028-04-17,,,merchant_weekday_schedule.easter_monday
MER000009,2028-05-01,,,merchant_weekday_schedule.may_day
MER000009,2028-05-25,,,merchant_weekday_schedule.ascension_of_christ
MER000009,2028-06-05,,,merchant_weekday_schedule.whit_monday
MER000009,2028-06-15,,,merchant_weekday_schedule.corpus_christi
MER000009,2028-10-03,,,merchant_weekday_schedule.day_of_german_unity
MER000009,2028-11-01,,,merchant_weekday_schedule.all_saints_day
MER000009,2028-12-25,,,merchant_weekday_schedule.1st_christmas_day
MER000009,2028-12-26,,,merchant_weekday_schedule.2nd_christmas_day
MER000009,2029-01-01,,,merchant_weekday_schedule.new_year
MER000009,2029-03-30,,,merchant_weekday_schedule.good_friday
MER000009,2029-04-02,,,merchant_weekday_schedule.easter_monday
MER000009,2029-05-01,,,merchant_weekday_schedule.may_day
MER000009,2029-05-10,,,merchant_weekday_schedule.ascension_of_christ
MER000009,2029-05-21,,,merchant_weekday_schedule.whit_monday
MER000009,2029-05-31,,,merchant_weekday_schedule.corpus_christi
MER000009,2029-10-03,,,merchant_weekday_schedule.day_of_german_unity
MER000009,2029-11-01,,,merchant_weekday_schedule.all_saints_day
MER000009,2029-12-25,,,merchant_weekday_schedule.1st_christmas_day
MER000009,2029-12-26,,,merchant_weekday_schedule.2nd_christmas_day
MER000009,2030-01-01,,,merchant_weekday_schedule.new_year
MER000009,2030-04-19,,,merchant_weekday_schedule.good_friday
MER000009,2030-04-22,,,merchant_weekday_schedule.easter_monday
MER000009,2030-05-01,,,merchant_weekday_schedule.may_day
MER000009,2030-05-30,,,merchant_weekday_schedule.ascension_of_christ
MER000009,2030-06-10,,,merchant_weekday_schedule.whit_monday
MER000009,2030-06-20,,,merchant_weekday_schedule.corpus_christi
MER000009,2030-10-03,,,merchant_weekday_schedule.day_of_german_unity
MER000009,2030-11-01,,,merchant_weekday_schedule.all_saints_day
MER000009,2030-12-25,,,merchant_weekday_schedule.1st_christmas_day
MER000009,2030-12-26,,,merchant_weekday_schedule.2nd_christmas_day
MER000009,2031-01-01,,,merchant_weekday_schedule.new_year
MER000009,2031-04-11,,,merchant_weekday_schedule.good_friday
MER000009,2031-04-14,,,merchant_weekday_schedule.easter_monday
MER000009,2031-05-01,,,merchant_weekday_schedule.may_day
MER000009,2031-05-22,,,merchant_weekday_schedule.ascension_of_christ
MER000009,2031-06-02,,,merchant_weekday_schedule.whit_monday
MER000009,2031-06-12,,,merchant_weekday_schedule.corpus_christi
MER000009,2031-10-03,,,merchant_weekday_schedule.day_of_german_unity
MER000009,2031-11-01,,,merchant_weekday_schedule.all_saints_day
MER000009,2031-12-25,,,merchant_weekday_schedule.1st_christmas_day
MER000009,2031-12-26,,,merchant_weekday_schedule.2nd_christmas_day
MER000009,2032-01-01,,,merchant_weekday_schedule.new_year
MER000009,2032-03-26,,,merchant_weekday_schedule.good_friday
MER000009,2032-03-29,,,merchant_weekday_schedule.easter_monday
MER000009,2032-05-01,,,merchant_weekday_schedule.may_day
MER000009,2032-05-06,,,merchant_weekday_schedule.ascension_of_christ
MER000009,2032-05-17,,,merchant_weekday_schedule.whit_monday
MER000009,2032-05-27,,,merchant_weekday_schedule.corpus_christi
MER000009,2032-10-03,,,merchant_weekday_schedule.day_of_german_unity
MER000009,2032-11-01,,,merchant_weekday_schedule.all_saints_day
MER000009,2032-12-25,,,merchant_weekday_schedule.1st_christmas_day
MER000009,2032-12-26,,,merchant_weekday_schedule.2nd_christmas_day
MER000009,2033-01-01,,,merchant_weekday_schedule.new_year
MER000009,2033-04-15,,,merchant_weekday_schedule.good_friday
MER000009,2033-04-18,,,merchant_weekday_schedule.easter_monday
MER000009,2033-05-01,,,merchant_weekday_schedule.may_day
MER000009,2033-05-26,,,merchant_weekday_schedule.ascension_of_christ
MER000009,2033-06-06,,,merchant_weekday_schedule.whit_monday
MER000009,2033-06-16,,,merchant_weekday_schedule.corpus_christi
MER000009,2033-10-03,,,merchant_weekday_schedule.day_of_german_unity
MER000009,2033-11-01,,,merchant_weekday_schedule.all_saints_day
MER000009,2033-12-25,,,merchant_weekday_schedule.1st_christmas_day
MER000009,2033-12-26,,,merchant_weekday_schedule.2nd_christmas_day
MER000009,2034-01-01,,,merchant_weekday_schedule.new_year
MER000009,2034-04-07,,,merchant_weekday_schedule.good_friday
MER000009,2034-04-10,,,merchant_weekday_schedule.easter_monday
MER000009,2034-05-01,,,merchant_weekday_schedule.may_day
MER000009,2034-05-18,,,merchant_weekday_schedule.ascension_of_christ
MER000009,2034-05-29,,,merchant_weekday_schedule.whit_monday
MER000009,2034-06-08,,,merchant_weekday_schedule.corpus_christi
MER000009,2034-10-03,,,merchant_weekday_schedule.day_of_german_unity
MER000009,2034-11-01,,,merchant_weekday_schedule.all_saints_day
MER000009,2034-12-25,,,merchant_weekday_schedule.1st_christmas_day
MER000009,2034-12-26,,,merchant_weekday_schedule.2nd_christmas_day
MER000009,2035-01-01,,,merchant_weekday_schedule.new_year
MER000009,2035-03-23,,,merchant_weekday_schedule.good_friday
MER000009,2035-03-26,,,merchant_weekday_schedule.easter_monday
MER000009,2035-05-01,,,merchant_weekday_schedule.may_day
MER000009,2035-05-03,,,merchant_weekday_schedule.ascension_of_christ
MER000009,2035-05-14,,,merchant_weekday_schedule.whit_monday
MER000009,2035-05-24,,,merchant_weekday_schedule.corpus_christi
MER000009,2035-10-03,,,merchant_weekday_schedule.day_of_german_unity
MER000009,2035-11-01,,,merchant_weekday_schedule.all_saints_day
MER000009,2035-12-25,,,merchant_weekday_schedule.1st_christmas_day
MER000009,2035-12-26,,,merchant_weekday_schedule.2nd_christmas_day
MER000009,2024-11-24,13:00:00,18:00:00,merchant_weekday_schedule.sunday_opening
MER000009,2025-11-30,13:00:00,18:00:00,merchant_weekday_schedule.sunday_opening
MER000009,2026-11-29,13:00:00,18:00:00,merchant_weekday_schedule.sunday_opening
MER000009,2027-11-28,13:00:00,18:00:00,merchant_weekday_schedule.sunday_opening
MER000009,2028-11-26,13:00:00,18:00:00,merchant_weekday_schedule.sunday_opening
MER000009,2029-11-25,13:00:00,18:00:00,merchant_weekday_schedule.sunday_opening
MER000009,2030-11-24,13:00:00,18:00:00,merchant_weekday_schedule.sunday_opening
MER000009,2031-11-30,13:00:00,18:00:00,merchant_weekday_schedule.sunday_opening
MER000009,2032-11-28,13:00:00,18:00:00,merchant_weekday_schedule.sunday_opening
MER000009,2033-11-27,13:00:00,18:00:00,merchant_weekday_schedule.sunday_opening
MER000009,2034-11-26,13:00:00,18:00:00,merchant_weekday_schedule.sunday_opening
MER000009,2024-12-31,10:00:00,17:00:00,
MER000009,2025-12-31,10:00:00,17:00:00,
MER000009,2026-12-31,10:00:00,17:00:00,
MER000009,2027-12-31,10:00:00,17:00:00,
MER000009,2028-12-31,10:00:00,17:00:00,
MER000009,2029-12-31,10:00:00,17:00:00,
MER000009,2030-12-31,10:00:00,17:00:00,
MER000009,2031-12-31,10:00:00,17:00:00,
MER000009,2032-12-31,10:00:00,17:00:00,
MER000009,2033-12-31,10:00:00,17:00:00,
MER000009,2034-12-31,10:00:00,17:00:00,
MER000010,2024-01-01,,,merchant_weekday_schedule.new_year
MER000010,2024-03-29,,,merchant_weekday_schedule.good_friday
MER000010,2024-04-01,,,merchant_weekday_schedule.easter_monday
MER000010,2024-05-01,,,merchant_weekday_schedule.may_day
MER000010,2024-05-09,,,merchant_weekday_schedule.ascension_of_christ
MER000010,2024-05-20,,,merchant_weekday_schedule.whit_monday
MER000010,2024-05-30,,,merchant_weekday_schedule.corpus_christi
MER000010,2024-10-03,,,merchant_weekday_schedule.day_of_german_unity
MER000010,2024-11-01,,,merchant_weekday_schedule.all_saints_day
MER000010,2024-12-25,,,merchant_weekday_schedule.1st_christmas_day
MER000010,2024-12-26,,,merchant_weekday_schedule.2nd_christmas_day
MER000010,2025-01-01,,,merchant_weekday_schedule.new_year
MER000010,2025-04-18,,,merchant_weekday_schedule.good_friday
MER000010,2025-04-21,,,merchant_weekday_schedule.easter_monday
MER000010,2025-05-01,,,merchant_weekday_schedule.may_day
MER000010,2025-05-29,,,merchant_weekday_schedule.ascension_of_christ
MER000010,2025-06-09,,,merchant_weekday_schedule.whit_monday
MER000010,2025-06-19,,,merchant_weekday_schedule.corpus_christi
MER000010,2025-10-03,,,merchant_weekday_schedule.day_of_german_unity
MER000010,2025-11-01,,,merchant_weekday_schedule.all_saints_day
MER000010,2025-12-25,,,merchant_weekday_schedule.1st_christmas_day
MER000010,2025-12-26,,,merchant_weekday_schedule.2nd_christmas_day
MER000010,2026-01-01,,,merchant_weekday_schedule.new_year
MER000010,2026-04-03,,,merchant_weekday_schedule.good_friday
MER000010,2026-04-06,,,merchant_weekday_schedule.easter_monday
MER000010,2026-05-01,,,merchant_weekday_schedule.may_day
MER000010,2026-05-14,,,merchant_weekday_schedule.ascension_of_christ
MER000010,2026-05-25,,,merchant_weekday_schedule.whit_monday
MER000010,2026-06-04,,,merchant_weekday_schedule.corpus_christi
MER000010,2026-10-03,,,merchant_weekday_schedule.day_of_german_unity
MER000010,2026-11-01,,,merchant_weekday_schedule.all_saints_day
MER000010,2026-12-25,,,merchant_weekday_schedule.1st_christmas_day
MER000010,2026-12-26,,,merchant_weekday_schedule.2nd_christmas_day
MER000010,2027-01-01,,,merchant_weekday_schedule.new_year
MER000010,2027-03-26,,,merchant_weekday_schedule.good_friday
MER000010,2027-03-29,,,merchant_weekday_schedule.easter_monday
MER000010,2027-05-01,,,merchant_weekday_schedule.may_day
MER000010,2027-05-06,,,merchant_weekday_schedule.ascension_of_christ
MER000010,2027-05-17,,,merchant_weekday_schedule.whit_monday
MER000010,2027-05-27,,,merchant_weekday_schedule.corpus_christi
MER000010,2027-10-03,,,merchant_weekday_schedule.day_of_german_unity
MER000010,2027-11-01,,,merchant_weekday_schedule.all_saints_day
MER000010,2027-12-25,,,merchant_weekday_schedule.1st_christmas_day
MER000010,2027-12-26,,,merchant_weekday_schedule.2nd_christmas_day
MER000010,2028-01-01,,,merchant_weekday_schedule.new_year
MER000010,2028-04-14,,,merchant_weekday_schedule.good_friday
MER000010,2028-04-17,,,merchant_weekday_schedule.easter_monday
MER000010,2028-05-01,,,merchant_weekday_schedule.may_day
MER000010,2028-05-25,,,merchant_weekday_schedule.ascension_of_christ
MER000010,2028-06-05,,,merchant_weekday_schedule.whit_monday
MER000010,2028-06-15,,,merchant_weekday_schedule.corpus_christi
MER000010,2028-10-03,,,merchant_weekday_schedule.day_of_german_unity
MER000010,2028-11-01,,,merchant_weekday_schedule.all_saints_day
MER000010,2028-12-25,,,merchant_weekday_schedule.1st_christmas_day
MER000010,2028-12-26,,,merchant_weekday_schedule.2nd_christmas_day
MER000010,2029-01-01,,,merchant_weekday_schedule.new_year
MER000010,2029-03-30,,,merchant_weekday_schedule.good_friday
MER000010,2029-04-02,,,merchant_weekday_schedule.easter_monday
MER000010,2029-05-01,,,merchant_weekday_schedule.may_day
MER000010,2029-05-10,,,merchant_weekday_schedule.ascension_of_christ
MER000010,2029-05-21,,,merchant_weekday_schedule.whit_monday
MER000010,2029-05-31,,,merchant_weekday_schedule.corpus_christi
MER000010,2029-10-03,,,merchant_weekday_schedule.day_of_german_unity
MER000010,2029-11-01,,,merchant_weekday_schedule.all_saints_day
MER000010,2029-12-25,,,merchant_weekday_schedule.1st_christmas_day
MER000010,2029-12-26,,,merchant_weekday_schedule.2nd_christmas_day
MER000010,2030-01-01,,,merchant_weekday_schedule.new_year
MER000010,2030-04-19,,,merchant_weekday_schedule.good_friday
MER000010,2030-04-22,,,merchant_weekday_schedule.easter_monday
MER000010,2030-05-01,,,merchant_weekday_schedule.may_day
MER000010,2030-05-30,,,merchant_weekday_schedule.ascension_of_christ
MER000010,2030-06-10,,,merchant_weekday_schedule.whit_monday
MER000010,2030-06-20,,,merchant_weekday_schedule.corpus_christi
MER000010,2030-10-03,,,merchant_weekday_schedule.day_of_german_unity
MER000010,2030-11-01,,,merchant_weekday_schedule.all_saints_day
MER000010,2030-12-25,,,merchant_weekday_schedule.1st_christmas_day
MER000010,2030-12-26,,,merchant_weekday_schedule.2nd_christmas_day
MER000010,2031-01-01,,,merchant_weekday_schedule.new_year
MER000010,2031-04-11,,,merchant_weekday_schedule.good_friday
MER000010,2031-04-14,,,merchant_weekday_schedule.easter_monday
MER000010,2031-05-01,,,merchant_weekday_schedule.may_day
MER000010,2031-05-22,,,merchant_weekday_schedule.ascension_of_christ
MER000010,2031-06-02,,,merchant_weekday_schedule.whit_monday
MER000010,2031-06-12,,,merchant_weekday_schedule.corpus_christi
MER000010,2031-10-03,,,merchant_weekday_schedule.day_of_german_unity
MER000010,2031-11-01,,,merchant_weekday_schedule.all_saints_day
MER000010,2031-12-25,,,merchant_weekday_schedule.1st_christmas_day
MER000010,2031-12-26,,,merchant_weekday_schedule.2nd_christmas_day
MER000010,2032-01-01,,,merchant_weekday_schedule.new_year
MER000010,2032-03-26,,,merchant_weekday_schedule.good_friday
MER000010,2032-03-29,,,merchant_weekday_schedule.easter_monday
MER000010,2032-05-01,,,merchant_weekday_schedule.may_day
MER000010,2032-05-06,,,merchant_weekday_schedule.ascension_of_christ
MER000010,2032-05-17,,,merchant_weekday_schedule.whit_monday
MER000010,2032-05-27,,,merchant_weekday_schedule.corpus_christi
MER000010,2032-10-03,,,merchant_weekday_schedule.day_of_german_unity
MER000010,2032-11-01,,,merchant_weekday_schedule.all_saints_day
MER000010,2032-12-25,,,merchant_weekday_schedule.1st_christmas_day
MER000010,2032-12-26,,,merchant_weekday_schedule.2nd_christmas_day
MER000010,2033-01-01,,,merchant_weekday_schedule.new_year
MER000010,2033-04-15,,,merchant_weekday_schedule.good_friday
MER000010,2033-04-18,,,merchant_weekday_schedule.easter_monday
MER000010,2033-05-01,,,merchant_weekday_schedule.may_day
MER000010,2033-05-26,,,merchant_weekday_schedule.ascension_of_christ
MER000010,2033-06-06,,,merchant_weekday_schedule.whit_monday
MER000010,2033-06-16,,,merchant_weekday_schedule.corpus_christi
MER000010,2033-10-03,,,merchant_weekday_schedule.day_of_german_unity
MER000010,2033-11-01,,,merchant_weekday_schedule.all_saints_day
MER000010,2033-12-25,,,merchant_weekday_schedule.1st_christmas_day
MER000010,2033-12-26,,,merchant_weekday_schedule.2nd_christmas_day
MER000010,2034-01-01,,,merchant_weekday_schedule.new_year
MER000010,2034-04-07,,,merchant_weekday_schedule.good_friday
MER000010,2034-04-10,,,merchant_weekday_schedule.easter_monday
MER000010,2034-05-01,,,merchant_weekday_schedule.may_day
MER000010,2034-05-18,,,merchant_weekday_schedule.ascension_of_christ
MER000010,2034-05-29,,,merchant_weekday_schedule.whit_monday
MER000010,2034-06-08,,,merchant_weekday_schedule.corpus_christi
MER000010,2034-10-03,,,merchant_weekday_schedule.day_of_german_unity
MER000010,2034-11-01,,,merchant_weekday_schedule.all_saints_day
MER000010,2034-12-25,,,merchant_weekday_schedule.1st_christmas_day
MER000010,2034-12-26,,,merchant_weekday_schedule.2nd_christmas_day
MER000010,2035-01-01,,,merchant_weekday_schedule.new_year
MER000010,2035-03-23,,,merchant_weekday_schedule.good_friday
MER000010,2035-03-26,,,merchant_weekday_schedule.easter_monday
MER000010,2035-05-01,,,merchant_weekday_schedule.may_day
MER000010,2035-05-03,,,merchant_weekday_schedule.ascension_of_christ
MER000010,2035-05-14,,,merchant_weekday_schedule.whit_monday
MER000010,2035-05-24,,,merchant_weekday_schedule.corpus_christi
MER000010,2035-10-03,,,merchant_weekday_schedule.day_of_german_unity
MER000010,2035-11-01,,,merchant_weekday_schedule.all_saints_day
MER000010,2035-12-25,,,merchant_weekday_schedule.1st_christmas_day
MER000010,2035-12-26,,,merchant_weekday_schedule.2nd_christmas_day
MER000010,2024-11-24,13:00:00,18:00:00,merchant_weekday_schedule.sunday_opening
MER000010,2025-11-30,13:00:00,18:00:00,merchant_weekday_schedule.sunday_opening
MER000010,2026-11-29,13:00:00,18:00:00,merchant_weekday_schedule.sunday_opening
MER000010,2027-11-28,13:00:00,18:00:00,merchant_weekday_schedule.sunday_opening
MER000010,2028-11-26,13:00:00,18:00:00,merchant_weekday_schedule.sunday_opening
MER000010,2029-11-25,13:00:00,18:00:00,merchant_weekday_schedule.sunday_opening
MER000010,2030-11-24,13:00:00,18:00:00,merchant_weekday_schedule.sunday_opening
MER000010,2031-11-30,13:00:00,18:00:00,merchant_weekday_schedule.sunday_opening
MER000010,2032-11-28,13:00:00,18:00:00,merchant_weekday_schedule.sunday_opening
MER000010,2033-11-27,13:00:00,18:00:00,merchant_weekday_schedule.sunday_opening
MER000010,2034-11-26,13:00:00,18:00:00,merchant_weekday_schedule.sunday_opening
MER000010,2024-12-31,10:00:00,17:00:00,
MER000010,2025-12-31,10:00:00,17:00:00,
MER000010,2026-12-31,10:00:00,17:00:00,
MER000010,2027-12-31,10:00:00,17:00:00,
MER000010,2028-12-31,10:00:00,17:00:00,
MER000010,2029-12-31,10:00:00,17:00:00,
MER000010,2030-12-31,10:00:00,17:00:00,
MER000010,2031-12-31,10:00:00,17:00:00,
MER000010,2032-12-31,10:00:00,17:00:00,
MER000010,2033-12-31,10:00:00,17:00:00,
MER000010,2034-12-31,10:00:00,17:00:00,
MER000011,2024-01-01,,,merchant_weekday_schedule.new_year
MER000011,2024-03-29,,,merchant_weekday_schedule.good_friday
MER000011,2024-04-01,,,merchant_weekday_schedule.easter_monday
MER000011,2024-05-01,,,merchant_weekday_schedule.may_day
MER000011,2024-05-09,,,merchant_weekday_schedule.ascension_of_christ
MER000011,2024-05-20,,,merchant_weekday_schedule.whit_monday
MER000011,2024-05-30,,,merchant_weekday_schedule.corpus_christi
MER000011,2024-10-03,,,merchant_weekday_schedule.day_of_german_unity
MER000011,2024-11-01,,,merchant_weekday_schedule.all_saints_day
MER000011,2024-12-25,,,merchant_weekday_schedule.1st_christmas_day
MER000011,2024-12-26,,,merchant_weekday_schedule.2nd_christmas_day
MER000011,2025-01-01,,,merchant_weekday_schedule.new_year
MER000011,2025-04-18,,,merchant_weekday_schedule.good_friday
MER000011,2025-04-21,,,merchant_weekday_schedule.easter_monday
MER000011,2025-05-01,,,merchant_weekday_schedule.may_day
MER000011,2025-05-29,,,merchant_weekday_schedule.ascension_of_christ
MER000011,2025-06-09,,,merchant_weekday_schedule.whit_monday
MER000011,2025-06-19,,,merchant_weekday_schedule.corpus_christi
MER000011,2025-10-03,,,merchant_weekday_schedule.day_of_german_unity
MER000011,2025-11-01,,,merchant_weekday_schedule.all_saints_day
MER000011,2025-12-25,,,merchant_weekday_schedule.1st_christmas_day
MER000011,2025-12-26,,,merchant_weekday_schedule.2nd_christmas_day
MER000011,2026-01-01,,,merchant_weekday_schedule.new_year
MER000011,2026-04-03,,,merchant_weekday_schedule.good_friday
MER000011,2026-04-06,,,merchant_weekday_schedule.easter_monday
MER000011,2026-05-01,,,merchant_weekday_schedule.may_day
MER000011,2026-05-14,,,merchant_weekday_schedule.ascension_of_christ
MER000011,2026-05-25,,,merchant_weekday_schedule.whit_monday
MER000011,2026-06-04,,,merchant_weekday_schedule.corpus_christi
MER000011,2026-10-03,,,merchant_weekday_schedule.day_of_german_unity
MER000011,2026-11-01,,,merchant_weekday_schedule.all_saints_day
MER000011,2026-12-25,,,merchant_weekday_schedule.1st_christmas_day
MER000011,2026-12-26,,,merchant_weekday_schedule.2nd_christmas_day
MER000011,2027-01-01,,,merchant_weekday_schedule.new_year
MER000011,2027-03-26,,,merchant_weekday_schedule.good_friday
MER000011,2027-03-29,,,merchant_weekday_schedule.easter_monday
MER000011,2027-05-01,,,merchant_weekday_schedule.may_day
MER000011,2027-05-06,,,merchant_weekday_schedule.ascension_of_christ
MER000011,2027-05-17,,,merchant_weekday_schedule.whit_monday
MER000011,2027-05-27,,,merchant_weekday_schedule.corpus_christi
MER000011,2027-10-03,,,merchant_weekday_schedule.day_of_german_unity
MER000011,2027-11-01,,,merchant_weekday_schedule.all_saints_day
MER000011,2027-12-25,,,merchant_weekday_schedule.1st_christmas_day
MER000011,2027-12-26,,,merchant_weekday_schedule.2nd_christmas_day
MER000011,2028-01-01,,,merchant_weekday_schedule.new_year
MER000011,2028-04-14,,,merchant_weekday_schedule.good_friday
MER000011,2028-04-17,,,merchant_weekday_schedule.easter_monday
MER000011,2028-05-01,,,merchant_weekday_schedule.may_day
MER000011,2028-05-25,,,merchant_weekday_schedule.ascension_of_christ
MER000011,2028-06-05,,,merchant_weekday_schedule.whit_monday
MER000011,2028-06-15,,,merchant_weekday_schedule.corpus_christi
MER000011,2028-10-03,,,merchant_weekday_schedule.day_of_german_unity
MER000011,2028-11-01,,,merchant_weekday_schedule.all_saints_day
MER000011,2028-12-25,,,merchant_weekday_schedule.1st_christmas_day
MER000011,2028-12-26,,,merchant_weekday_schedule.2nd_christmas_day
MER000011,2029-01-01,,,merchant_weekday_schedule.new_year
MER000011,2029-03-30,,,merchant_weekday_schedule.good_friday
MER000011,2029-04-02,,,merchant_weekday_schedule.easter_monday
MER000011,2029-05-01,,,merchant_weekday_schedule.may_day
MER000011,2029-05-10,,,merchant_weekday_schedule.ascension_of_christ
MER000011,2029-05-21,,,merchant_weekday_schedule.whit_monday
MER000011,2029-05-31,,,merchant_weekday_schedule.corpus_christi
MER000011,2029-10-03,,,merchant_weekday_schedule.day_of_german_unity
MER000011,2029-11-01,,,merchant_weekday_schedule.all_saints_day
MER000011,2029-12-25,,,merchant_weekday_schedule.1st_christmas_day
MER000011,2029-12-26,,,merchant_weekday_schedule.2nd_christmas_day
MER000011,2030-01-01,,,merchant_weekday_schedule.new_year
MER000011,2030-04-19,,,merchant_weekday_schedule.good_friday
MER000011,2030-04-22,,,merchant_weekday_schedule.easter_monday
MER000011,2030-05-01,,,merchant_weekday_schedule.may_day
MER000011,2030-05-30,,,merchant_weekday_schedule.ascension_of_christ
MER000011,2030-06-10,,,merchant_weekday_schedule.whit_monday
MER000011,2030-06-20,,,merchant_weekday_schedule.corpus_christi
MER000011,2030-10-03,,,merchant_weekday_schedule.day_of_german_unity
MER000011,2030-11-01,,,merchant_weekday_schedule.all_saints_day
MER000011,2030-12-25,,,merchant_weekday_schedule.1st_christmas_day
MER000011,2030-12-26,,,merchant_weekday_schedule.2nd_christmas_day
MER000011,2031-01-01,,,merchant_weekday_schedule.new_year
MER000011,2031-04-11,,,merchant_weekday_schedule.good_friday
MER000011,2031-04-14,,,merchant_weekday_schedule.easter_monday
MER000011,2031-05-01,,,merchant_weekday_schedule.may_day
MER000011,2031-05-22,,,merchant_weekday_schedule.ascension_of_christ
MER000011,2031-06-02,,,merchant_weekday_schedule.whit_monday
MER000011,2031-06-12,,,merchant_weekday_schedule.corpus_christi
MER000011,2031-10-03,,,merchant_weekday_schedule.day_of_german_unity
MER000011,2031-11-01,,,merchant_weekday_schedule.all_saints_day
MER000011,2031-12-25,,,merchant_weekday_schedule.1st_christmas_day
MER000011,2031-12-26,,,merchant_weekday_schedule.2nd_christmas_day
MER000011,2032-01-01,,,merchant_weekday_schedule.new_year
MER000011,2032-03-26,,,merchant_weekday_schedule.good_friday
MER000011,2032-03-29,,,merchant_weekday_schedule.easter_monday
MER000011,2032-05-01,,,merchant_weekday_schedule.may_day
MER000011,2032-05-06,,,merchant_weekday_schedule.ascension_of_christ
MER000011,2032-05-17,,,merchant_weekday_schedule.whit_monday
MER000011,2032-05-27,,,merchant_weekday_schedule.corpus_christi
MER000011,2032-10-03,,,merchant_weekday_schedule.day_of_german_unity
MER000011,2032-11-01,,,merchant_weekday_schedule.all_saints_day
MER000011,2032-12-25,,,merchant_weekday_schedule.1st_christmas_day
MER000011,2032-12-26,,,merchant_weekday_schedule.2nd_christmas_day
MER000011,2033-01-01,,,merchant_weekday_schedule.new_year
MER000011,2033-04-15,,,merchant_weekday_schedule.good_friday
MER000011,2033-04-18,,,merchant_weekday_schedule.easter_monday
MER000011,2033-05-01,,,merchant_weekday_schedule.may_day
MER000011,2033-05-26,,,merchant_weekday_schedule.ascension_of_christ
MER000011,2033-06-06,,,merchant_weekday_schedule.whit_monday
MER000011,2033-06-16,,,merchant_weekday_schedule.corpus_christi
MER000011,2033-10-03,,,merchant_weekday_schedule.day_of_german_unity
MER000011,2033-11-01,,,merchant_weekday_schedule.all_saints_day
MER000011,2033-12-25,,,merchant_weekday_schedule.1st_christmas_day
MER000011,2033-12-26,,,merchant_weekday_schedule.2nd_christmas_day
MER000011,2034-01-01,,,merchant_weekday_schedule.new_year
MER000011,2034-04-07,,,merchant_weekday_schedule.good_friday
MER000011,2034-04-10,,,merchant_weekday_schedule.easter_monday
MER000011,2034-05-01,,,merchant_weekday_schedule.may_day
MER000011,2034-05-18,,,merchant_weekday_schedule.ascension_of_christ
MER000011,2034-05-29,,,merchant_weekday_schedule.whit_monday
MER000011,2034-06-08,,,merchant_weekday_schedule.corpus_christi
MER000011,2034-10-03,,,merchant_weekday_schedule.day_of_german_unity
MER000011,2034-11-01,,,merchant_weekday_schedule.all_saints_day
MER000011,2034-12-25,,,merchant_weekday_schedule.1st_christmas_day
MER000011,2034-12-26,,,merchant_weekday_schedule.2nd_christmas_day
MER000011,2035-01-01,,,merchant_weekday_schedule.new_year
MER000011,2035-03-23,,,merchant_weekday_schedule.good_friday
MER000011,2035-03-26,,,merchant_weekday_schedule.easter_monday
MER000011,2035-05-01,,,merchant_weekday_schedule.may_day
MER000011,2035-05-03,,,merchant_weekday_schedule.ascension_of_christ
MER000011,2035-05-14,,,merchant_weekday_schedule.whit_monday
MER000011,2035-05-24,,,merchant_weekday_schedule.corpus_christi
MER000011,2035-10-03,,,merchant_weekday_schedule.day_of_german_unity
MER000011,2035-11-01,,,merchant_weekday_schedule.all_saints_day
MER000011,2035-12-25,,,merchant_weekday_schedule.1st_christmas_day
MER000011,2035-12-26,,,merchant_weekday_schedule.2nd_christmas_day
MER000011,2024-11-24,13:00:00,18:00:00,merchant_weekday_schedule.sunday_opening
MER000011,2025-11-30,13:00:00,18:00:00,merchant_weekday_schedule.sunday_opening
MER000011,2026-11-29,13:00:00,18:00:00,merchant_weekday_schedule.sunday_opening
MER000011,2027-11-28,13:00:00,18:00:00,merchant_weekday_schedule.sunday_opening
MER000011,2028-11-26,13:00:00,18:00:00,merchant_weekday_schedule.sunday_opening
MER000011,2029-11-25,13:00:00,18:00:00,merchant_weekday_schedule.sunday_opening
MER000011,2030-11-24,13:00:00,18:00:00,merchant_weekday_schedule.sunday_opening
MER000011,2031-11-30,13:00:00,18:00:00,merchant_weekday_schedule.sunday_opening
MER000011,2032-11-28,13:00:00,18:00:00,merchant_weekday_schedule.sunday_opening
MER000011,2033-11-27,13:00:00,18:00:00,merchant_weekday_schedule.sunday_opening
MER000011,2034-11-26,13:00:00,18:00:00,merchant_weekday_schedule.sunday_opening
MER000011,2024-12-31,10:00:00,17:00:00,
MER000011,2025-12-31,10:00:00,17:00:00,
MER000011,2026-12-31,10:00:00,17:00:00,
MER000011,2027-12-31,10:00:00,17:00:00,
MER000011,2028-12-31,10:00:00,17:00:00,
MER000011,2029-12-31,10:00:00,17:00:00,
MER000011,2030-12-31,10:00:00,17:00:00,
MER000011,2031-12-31,10:00:00,17:00:00,
MER000011,2032-12-31,10:00:00,17:00:00,
MER000011,2033-12-31,10:00:00,17:00:00,
MER000011,2034-12-31,10:00:00,17:00:00,

